text_id,brand_id,brand_name,segment,country,source_type,page_name ,category,year_range,text,url,data_collected
rolex_001,rolex,Rolex,luxury_watch,Switzerland,website,history,heritage_legacy,1905-1919,"The history of Rolex is inextricably linked to the visionary spirit of Hans Wilsdorf, its founder. In 1905, at the age of 24, Hans Wilsdorf founded a company in London specializing in the distribution of timepieces. He began to dream of a watch worn on the wrist. Wristwatches were not very precise at the time, but Hans Wilsdorf foresaw that they could become not only elegant, but also reliable.

To convince the public of the reliability of his resolutely innovative timepieces, he equipped them with small, very precise movements manufactured by a Swiss watchmaking company in Bienne.",https://www.rolex.com/about-rolex/history/1905-1919,2026-02-09
rolex_002,rolex,Rolex,luxury_watch,Switzerland,website,history,engineering_precision,1910-1914,"Rolex first concentrated on the quality of the movements. The relentless quest for chronometric precision rapidly led to success. In 1910, a Rolex watch was the first wristwatch in the world to receive the Swiss Certificate of Chronometric Precision, granted by the Official Watch Rating Centre in Bienne.",https://www.rolex.com/about-rolex/history/1905-1919,2026-02-09
rolex_003,rolex,Rolex,luxury_watch,Switzerland,website,history,engineering_precision,1914,"Four years later, in 1914, Kew Observatory in Great Britain awarded a Rolex wristwatch a class “A” precision certificate, a distinction which until that point in time had been reserved exclusively for marine chronometers. From that date forward, the Rolex wristwatch was synonymous with precision.",https://www.rolex.com/about-rolex/history/1905-1919,2026-02-09
rolex_004,rolex ,Rolex,luxury_watch,Switzerland,website,watchmaking_features,craftsmanship,1930s-modern,"This is the Oyster bracelet, with its unique and exceedingly robust three-piece links. It is the mark of foundational values and alliances found in all our work: those of function and form, rigour and fluidity, comfort and elegance.Developed in the late 1930s, it epitomizes the original intuition of Hans Wilsdorf, who foresaw the wristwatch as a tool capable of meeting the complexities of an increasingly modern world. Rolex did not only develop watch calibres which surpassed the standards of watchmaking. It created new ones for the bracelet and gave it its own identity and language. Hence, the Oyster bracelet does not simply adapt to one’s movement. It carries its own.",https://www.rolex.com/watchmaking/features/bracelets,2026-02-09
omega_001,omega,Omega,luxury_watch,Switzerland,website,watchmaking_innovation,innovation,1894-modern,"Renowned for the mechanical ingenuity at the heart of its designs, OMEGA is perhaps the only brand to be named after a movement - the 19-ligne “OMEGA” Calibre - which revolutionized the entire industry in 1894. Today, that same innovative spirit is expressed through the use of exclusive materials and alloys, as well as through Co-Axial Master Chronometer calibres – the industry’s highest standard of precision, performance and magnetic resistance.",https://www.omegawatches.com/world-of-omega?label=watchmaking,2026-02-09
omega_002,omega,Omega,luxury_watch,Switzerland,website,watchmaking_innovation,engineering_precision,modern,"Behind the elegance of every Master Chronometer timepiece is the highest level of testing: eight tests over ten days, to ensure superior precision and magnetic resistance. These rigorous standards reflect OMEGA’s commitment to verified performance and accuracy.",https://www.omegawatches.com/world-of-omega/watchmaking/the-master-chronometer-certification,2026-02-09
omega_003,omega,Omega,luxury_watch,Switzerland,website,history,heritage_legacy,1848-modern,"For more than 175 years, OMEGA watches have been making their mark in history. Born from a simple passion for precision, our Swiss brand has grown to become one of the most recognized names in watchmaking, with a DNA that extends through exploration, entertainment, sports timekeeping and much more. At the OMEGA Museum in Biel, this legacy is brought to life through an interactive experience, allowing visitors to immerse themselves in OMEGA’s unique and inspiring story.",https://www.omegawatches.com/world-of-omega?label=history,2026-02-09
tagheuer_001,tagheuer,TAG Heuer,luxury_watch,Switzerland,website,partnerships_f1,engineering_precision,1971-2003," Beginning with his groundbreaking collaboration with Ferrari in 1971, and later forging legendary alliances with McLaren (1986-2015), Jack Heuer’s influence helped redefine racing’s golden age. His leadership also brought TAG Heuer to the forefront as the Official Timekeeper of Formula 1 from 1992 to 2003, laying the foundation for partnerships that continue to inspire and innovate today.",https://www.tagheuer.com/in/en/partnerships/f1.html,2026-02-09
tagheuer_002,tagheuer,TAG Heuer,luxury_watch,Switzerland,website,history,heritage_legacy,1860-modern,"Since 1860, TAG Heuer has embodied avant-garde, precision and bold style, that have marked the world history of the watch industry. We invite you to explore our legacy, through our timepieces and innovations.",https://www.tagheuer.com/in/en/our-story/history.html,2026-02-09
patek_001,patekphillipe,Patek Phillipe,luxury_watch,Switzerland,website,patek_phillipe,heritage_legacy,1839-modern,"Owned by the Stern family since 1932, our Manufacture benefits from full creative freedom, which allows us to design, develop and craft watches that connoisseurs consider to be the world's finest - as pledged by our founders Antoine Norbert de Patek and Jean Adrien Philippe.",https://www.patek.com/en,2026-02-09
patek_002,patekphillipe,Patek Phillipe,luxury_watch,Switzerland,website,rare_handcrafts,craftsmanship,1839-modern,"We have been pursuing traditional Genevan watchmaking artistry without interruption since 1839, safeguarding rare handcrafts, such as enamelling and guillochage that would have otherwise disappeared.",https://www.patek.com/en,2026-02-09
patek_003,patekphillipe,Patek Phillipe,luxury_watch,Switzerland,website,advanced_research,innovation,1839-modern,"At the same time, we nurture a tradition of innovation, relying on the latest technologies to further push the boundaries of watchmaking.",https://www.patek.com/en,2026-02-09
tissot_001,tissot,Tissot,luxury_watch,Switzerland,website,history,heritage_legacy,1853-modern,"Tissot, watchmakers blending tradition and pioneering spirit since 1853. Nestled in the Swiss mountains of Le Locle, Tissot has been crafting watches for more than 170 years.",https://www.tissotwatches.com/en-us/tissot-world-history.html,2026-02-09
tissot_002,tissot,Tissot,luxury_watch,Switzerland,website,history,innovation,modern,"Every Tissot timepiece crafted in the heart of Switzerland embodies the perfect balance between heritage and innovation and stands as an enduring legacy defying the constraints of time. Going beyond watchmaking and timekeeping, Tissot stands by the side of everyone, in every moment, celebrating not only the achievements, but the journey itself.",https://www.tissotwatches.com/en-us/tissot-world-history.html,2026-02-09
titan_001,titan,Titan,premium_watch,India,website,about,heritage_legacy,1984-modern,"Titan has come a long way since 1984 when we started with one product category. Today, with over 8,000 employees and about 38,000 in the overall Titan ecosystem, 16 brands and over 2,000 retail stores, we are as committed  as ever to delivering profitable and responsible growth for all our stakeholders.",https://www.titancompany.in/about-us,2026-02-09
titan_002,titan,Titan,premium_watch,India,website,about_us_heritage,heritage_legacy,1984-present,"A journey of over 30 years that saw Titan Watch Project becoming Titan Watches, to Titan Industries, and to what’s today known as the Titan Company Limited. With hitting the 15 million mark every year in production, each year saw new technologies and innovations.",https://www.titancompany.in/about-us,2026-02-09